CustomerID,NotificationChannel,Coloum1,Coloum2,Coloum3,Coloum4,Coloum5,Coloum6,Coloum7,Coloum8,Coloum9,Coloum10
901003,Text,03/06/1946 00:00,CUNNINGHAM,ROSSITA,O,Mr,,,,,
901004,Text,03/06/1977 00:00,CLARKE,NOEMI,O,Mr,,,,,
901005,Both,03/06/1983 00:00,PEART,MELISSA,E,Ms,,,,,
901006,Text,03/06/1973 00:00,SIMMS,MARLON,A,Ms,,,,,
901007,Text,03/06/1947 00:00,JOHNSON,CATHERINE,A,Ms,,,,,
901008,Text,03/06/1965 00:00,BORELAND,DONNA,O,Mr,,,,,
901009,Email,03/06/1916 00:00,JOHNSON,ENID,N,Ms,,,,,
901010,Text,03/06/1925 00:00,ISAACS,LESSA,E,Mr,,,,,
901011,Text,03/06/1973 00:00,SPENCE-REID,DONNET,O,Ms,,,,,
901012,Text,03/06/1923 00:00,SMITH,ESMIE,S,Mr,,,,,
901013,Text,03/06/1964 00:00,EVANS,JENNIFER,E,Mr,,,,,
901014,Both,03/06/1942 00:00,MARSH,BERYL,E,Ms,,,,,
901015,Email,03/06/1913 00:00,MARSH,SYLVIA,Y,Mr,,,,,
901016,Email,03/06/1925 00:00,ISAACS,LESSA,E,Ms,,,,,
901017,Text,03/06/1927 00:00,WALFORD,SYLVIA,Y,Mr,,,,,
901018,Text,03/06/1973 00:00,SPENCE-REID,DONNET,O,Mr,,,,,
901019,Email,03/06/1977 00:00,ROBERTS,DEBBIE,E,Ms,,,,,
901020,Text,03/06/1968 00:00,WRIGHT,ANDREA,N,Mr,,,,,
901021,Text,03/06/2006 00:00,TOMLINSON,OSMOND,S,Ms,,,,,
901022,Both,03/06/1916 00:00,JOHNSON,ENID,N,Mr,,,,,
901023,Text,03/06/1981 00:00,BROWN,KAMEKAH,A,Mr,,,,,
901024,Text,03/06/1980 00:00,BROWN,TANESHA,A,Mr,,,,,
901025,Text,03/06/1938 00:00,GARRICK,NOEL,O,Mr,,,,,
901026,Both,03/06/1961 00:00,THOMAS,YVONNE,V,Ms,,,,,
901027,Both,03/06/1973 00:00,SIMMS,MARLON,A,Mr,,,,,
901028,Email,03/06/1952 00:00,JONES,IMOGENE,M,Ms,,,,,
901029,Text,03/06/1973 00:00,BANTON,CLIVE,L,Ms,,,,,
901030,Text,03/06/1973 00:00,REID,DONNET,O,Mr,,,,,
901031,Both,03/06/1927 00:00,WALFORD,SYLVIA,Y,Mr,,,,,
901032,Text,03/06/1954 00:00,BARNES,JANET,A,Ms,,,,,
901033,Text,03/06/1977 00:00,CLARKE,NOEMI,O,Ms,,,,,
901034,Text,03/06/2004 00:00,PALMER,MARLENE,A,Mr,,,,,
901035,Text,03/06/1964 00:00,LAMBERT,LORRAINE,O,Mr,,,,,
901036,Email,03/06/1965 00:00,BORELAND,DONNA,O,Mr,,,,,
901037,Text,03/06/1938 00:00,RITCHIE-SINCLAIR,IVY,V,Ms,,,,,
901038,Text,03/06/1965 00:00,BORELAND-TRACEY,DONNA,O,Ms,,,,,
901039,Email,03/06/1965 00:00,ATKINSON,MAXIE,A,Ms,,,,,
901040,Both,03/06/1981 00:00,STANLEY,NORDIA,O,Ms,,,,,
901041,Both,03/06/1973 00:00,REID,DONNET,O,Mr,,,,,
901042,Text,03/06/1984 00:00,CAMPBELL,JODY,O,Mr,,,,,
901043,Both,03/06/1975 00:00,SMITH,NICOLENE,I,Ms,,,,,
901044,Email,03/06/2000 00:00,THOMAS,OSHANE,S,Mr,,,,,
901045,Email,03/06/2003 00:00,OSBOURNE,ADRIAN,D,Mr,,,,,
901046,Text,03/06/1965 00:00,ATKINSON,MAXIE,A,Mr,,,,,
901047,Text,03/06/1965 00:00,BORELAND-TRACEY,DONNA,O,Ms,,,,,
901048,Text,03/06/1984 00:00,FOWLER,SHEREEN,H,Ms,,,,,
901049,Email,03/06/1977 00:00,ROBERTS,DEBBIE,E,Mr,,,,,
901050,Text,03/06/1936 00:00,PHILLIPS,PRUDENCE,R,Mr,,,,,
901051,Text,03/06/1931 00:00,ROWE,EULA,U,Ms,,,,,
901052,Both,03/06/1982 00:00,JAING,LILLY,I,Mr,,,,,
901053,Text,03/06/1959 00:00,DAVIS,LESMARINE,E,Ms,,,,,
901054,Both,03/06/1963 00:00,THOMSON,GARY,A,Ms,,,,,
901055,Both,03/06/1976 00:00,THOMPSON,DIEDRE,I,Ms,,,,,
901056,Both,03/06/1977 00:00,CLARKE,NOEMI,O,Mr,,,,,
901057,Text,03/06/1977 00:00,JOHNSON,KAYSHA,A,Mr,,,,,
901058,Text,03/06/1973 00:00,RICHARDSON,NADINE,A,Ms,,,,,
901059,Text,03/06/1953 00:00,JONES,NORMA,O,Mr,,,,,
901060,Email,03/06/1981 00:00,HEMMINGS,STACEY-ANN,T,Mr,,,,,
901061,Text,03/06/1946 00:00,WILSON,EVA,V,Mr,,,,,
901062,Text,03/06/2003 00:00,DANHI,RAMIESH,A,Mr,,,,,
901063,Text,03/06/1961 00:00,GORDON,LURLINE,U,Ms,,,,,
901064,Both,03/06/1962 00:00,CAMPBELL,MARCIA,A,Mr,,,,,
901065,Text,03/06/2007 00:00,,,,Ms,,,,,
901066,Text,03/06/1965 00:00,LAMBERT,LORRAINE,O,Ms,,,,,
901067,Both,03/06/1966 00:00,BREARCLIFFE,AUDREY,U,Ms,,,,,
901068,Text,03/06/1952 00:00,JONES,IMOGENE,M,Ms,,,,,
901069,Text,03/06/2001 00:00,TOOLEY,KENDRA,E,Ms,,,,,
901070,Text,03/06/1923 00:00,SMITH,ESMIE,S,Mr,,,,,
901071,Email,03/06/1949 00:00,THOMAS,KARLENE,A,Mr,,,,,
901072,Email,03/06/1970 00:00,EVANS,SANDRA,A,Ms,,,,,
901073,Text,03/06/1986 00:00,MINTO,LATOYA,A,Ms,,,,,
901074,Both,03/06/1964 00:00,MOODY,HORACE,O,Mr,,,,,
901075,Text,03/06/1965 00:00,BORELAND-TRACEY,DONNA,O,Ms,,,,,
901076,Text,03/06/1979 00:00,TUCKER,VERONICA,E,Ms,,,,,
901077,Text,03/06/1946 00:00,WILSON,EVA,V,Ms,,,,,
901078,Text,03/06/1999 00:00,BROWN,AJANI,J,Mr,,,,,
901079,Email,03/06/2001 00:00,DAVIS,BRIAN,R,Mr,,,,,
901080,Email,03/06/1968 00:00,WILLIAMS,SANDRA,A,Mr,,,,,
901081,Email,03/06/1952 00:00,JONES,IMOGENE,M,Ms,,,,,
901082,Email,03/06/1980 00:00,CHAMBERS,SHARON,H,Mr,,,,,
901083,Both,03/06/1982 00:00,GORDON,KWAME,W,Ms,,,,,
901084,Email,03/06/1982 00:00,HENRY,CORLA,O,Ms,,,,,
901085,Text,03/06/1945 00:00,IRVING,LLOYD,L,Ms,,,,,
901086,Text,03/06/1936 00:00,PHILLIPS,PRUDENCE,R,Mr,,,,,
901087,Both,03/06/1964 00:00,EVANS,JENNIFER,E,Mr,,,,,
901088,Text,03/06/1954 00:00,BARNES,JANET,A,Mr,,,,,
901089,Both,03/06/1971 00:00,HAYLES,WILFRED,I,Mr,,,,,
901090,Text,03/06/1959 00:00,RATTIFORD,SHARON,H,Mr,,,,,
901091,Text,03/06/1973 00:00,RICHARDSON,NADINE,A,Ms,,,,,
901092,Text,03/06/1980 00:00,BROWN,TANESHA,A,Mr,,,,,
901093,Text,03/06/2001 00:00,OLIVER,SHANE,H,Mr,,,,,
901094,Text,03/06/1980 00:00,BROWN,TANASHA,A,Mr,,,,,
901095,Text,03/06/1964 00:00,EVANS,JENNIFER,E,Ms,,,,,
901096,Both,03/06/1966 00:00,POWELL,SANDRA,A,Ms,,,,,
901097,Both,03/06/1947 00:00,JOHNSON,CATHERINE,A,Mr,,,,,
901098,Both,03/06/1936 00:00,PHILLIPS,PRUDENCE,R,Mr,,,,,
901099,Both,03/06/2001 00:00,PETINAUD,DESMOND,E,Mr,,,,,
901100,Email,03/06/1916 00:00,JOHNSON,ENID,N,Ms,,,,,
901101,Text,03/06/2007 00:00,,,,Ms,,,,,
901102,Both,03/06/1965 00:00,BORELAND,DONNA,O,Ms,,,,,
901103,Email,03/06/1977 00:00,CLARKE,NOEMI,O,Mr,,,,,
901104,Text,03/06/1952 00:00,JONES,IMOGENE,M,Mr,,,,,
901105,Both,03/06/2006 00:00,,,,Mr,,,,,
901106,Email,03/06/1935 00:00,HENRY,CHRISTINE,H,Mr,,,,,
901107,Email,03/06/1959 00:00,DAVIS,LESMARINE,E,Mr,,,,,
901108,Text,03/06/1966 00:00,DELISSER,ROSLYN,O,Mr,,,,,
901109,Both,03/06/1998 00:00,BERNARD,SHEMAR,H,Ms,,,,,
901110,Both,03/06/1964 00:00,DACOSTA,ALISTER,L,Mr,,,,,
901111,Text,03/06/1986 00:00,JOHNSON,ROXANNE,O,Mr,,,,,
901112,Email,03/06/1994 00:00,BAKER,SHANE,H,Mr,,,,,
901113,Email,03/06/1977 00:00,CLARKE,NOEMI,O,Mr,,,,,
901114,Text,03/06/1952 00:00,JONES,IMOGENE,M,Ms,,,,,
901115,Both,03/06/1947 00:00,CHAMBERS,JOAN,O,Mr,,,,,
901116,Email,03/06/1973 00:00,SPENCE-REID,DONNET,O,Mr,,,,,
901117,Text,03/06/1941 00:00,PHANG,HERMAN,E,Mr,,,,,
901118,Email,03/06/1978 00:00,MCCALLA,DWAIN,W,Mr,,,,,
901119,Both,03/06/1977 00:00,WIGG,MAY,A,Ms,,,,,
901120,Text,03/06/1940 00:00,GREGORY,LINEUS,I,Mr,,,,,
901121,Text,03/06/2006 00:00,RAMCHARAN,JOSEPH,O,Mr,,,,,
901122,Text,03/06/1934 00:00,BROWN,HEZEKIAH,E,Mr,,,,,
901123,Both,03/06/1928 00:00,CAMERON,DORREL,O,Ms,,,,,
901124,Both,03/06/1979 00:00,MCBEAN,RODRIQUE,O,Ms,,,,,
901125,Email,03/06/1976 00:00,THOMPSON,DEIDRE,E,Ms,,,,,
